index,filename,path,width,height,megapixels,aspect_ratio,bytes,sha256,dhash,edge_variance
1,ii：原来有介么大的胡萝北吗？_1_山外来个呆萌_来自小红书网页版.jpg,C:\Users\xxye01\Downloads\yuai\ii：原来有介么大的胡萝北吗？_1_山外来个呆萌_来自小红书网页版.jpg,1080,1440,1.555,0.75,490521,defb583ca299ae2ca7df262d4104d0fa916ff443e41afe10c29e141f2b6187ce,3f7363039bc6dba5,1734.39
2,一些没见过的爱爱_1_来份蛋挞小包_来自小红书网页版.jpg,C:\Users\xxye01\Downloads\yuai\一些没见过的爱爱_1_来份蛋挞小包_来自小红书网页版.jpg,1080,1418,1.531,0.7616,177486,c3855e367ebc4fe1c9c667ddacd43859df0ad07d7f92054df38480d485143853,f813b7da61b9db1e,157.78
3,一辆渝爱😂好久不见乖女儿还是那么可爱😊_1_纸上飞_来自小红书网页版.jpg,C:\Users\xxye01\Downloads\yuai\一辆渝爱😂好久不见乖女儿还是那么可爱😊_1_纸上飞_来自小红书网页版.jpg,1080,1705,1.841,0.6334,298027,d164a995671c10641ac913e29400465faa7970057513b7b9391936a904e6e019,1bf12f36d9d22498,524.9
4,不懂就问，她究竟是怎么做到这么拽的？🐼_1_夏一种可能_来自小红书网页版.jpg,C:\Users\xxye01\Downloads\yuai\不懂就问，她究竟是怎么做到这么拽的？🐼_1_夏一种可能_来自小红书网页版.jpg,1080,1620,1.75,0.6667,300170,4ee411afb7586d5783eecec349ff645a9dad83b2444f6c6e1df8e43549aac6aa,11603d27dbe22698,869.92
5,人，小爱卖笋笋养你啊_1_旋风小爱_来自小红书网页版.jpg,C:\Users\xxye01\Downloads\yuai\人，小爱卖笋笋养你啊_1_旋风小爱_来自小红书网页版.jpg,1080,1620,1.75,0.6667,339702,a1e45d03a18dac0a3e2903b504c17de4ee7e03b36a460af719d42bbb9bb97854,83c45c3c4579e8c1,796.15
6,元气满满let‘s gooooo_1_山外来个呆萌_来自小红书网页版.jpg,C:\Users\xxye01\Downloads\yuai\元气满满let‘s gooooo_1_山外来个呆萌_来自小红书网页版.jpg,1080,1440,1.555,0.75,414658,41bf759b1616e8d8a0ff022de3b15d9f49bc769ce3377ab0fdafa67c79ce1ec2,ce8ce93178f00d4e,981.63
7,可爱的小宝贝，表情包来咯_1_没有什么_来自小红书网页版.jpg,C:\Users\xxye01\Downloads\yuai\可爱的小宝贝，表情包来咯_1_没有什么_来自小红书网页版.jpg,1080,1099,1.187,0.9827,103002,b1686725e887a14595ac3a37244e9928d8085463c1f69a392d2adda36d205a17,1c1859a24259e726,197.01
8,可爱的爱_1_Peach的黑眼圈🐼_来自小红书网页版.jpg,C:\Users\xxye01\Downloads\yuai\可爱的爱_1_Peach的黑眼圈🐼_来自小红书网页版.jpg,1080,1620,1.75,0.6667,393185,c72d627882f34827cb84cab70b39deb7aab434853b318f9079185a4963e7596a,f0dc96969ad0f8f0,1138.87
9,啊啊啊啊啊啊啊啊啊啊啊啊啊好可爱好可爱_1_翘屁嫩熊_来自小红书网页版.jpg,C:\Users\xxye01\Downloads\yuai\啊啊啊啊啊啊啊啊啊啊啊啊啊好可爱好可爱_1_翘屁嫩熊_来自小红书网页版.jpg,1139,834,0.95,1.3657,148788,6866cb5452d967b5ea89d56914e01f3a792fe4a6cf129877778285c2beb87705,0f2f2746d666a4f2,320.37
10,大熊猫渝爱🐼_1_🦄_来自小红书网页版.jpg,C:\Users\xxye01\Downloads\yuai\大熊猫渝爱🐼_1_🦄_来自小红书网页版.jpg,1080,1440,1.555,0.75,375630,48d888a4d0c131f95b341ec1c19240c6614eea5fab83f84a23478cf38b0352fc,e19c064269ec9c76,1276.96
11,小爱姐：ee们快给窝和小黄鸭拍几张照～_1_萌化了的眼圈_来自小红书网页版.jpg,C:\Users\xxye01\Downloads\yuai\小爱姐：ee们快给窝和小黄鸭拍几张照～_1_萌化了的眼圈_来自小红书网页版.jpg,1080,1440,1.555,0.75,385509,00b5208a83595966b04ea6d6088f7c907a957e9c8bec4e7768615b3017aa93bd,12ddcd2d2bca6024,1079.33
12,小爱有最爱的胡萝卜！_1_🍎_来自小红书网页版.jpg,C:\Users\xxye01\Downloads\yuai\小爱有最爱的胡萝卜！_1_🍎_来自小红书网页版.jpg,1080,1438,1.553,0.751,324942,163b225c074692e0ee1feebfcb4af4fe293d0a51d40bdcd49695b0076409901b,f8cfc9697b266c79,674.12
13,小蜘猪_1_山外来个呆萌_来自小红书网页版.jpg,C:\Users\xxye01\Downloads\yuai\小蜘猪_1_山外来个呆萌_来自小红书网页版.jpg,1080,1440,1.555,0.75,361206,def6513be72ec2f0140a06a1b08637105ab2fc13ae3848af398a23a6f2fadf04,5c8fcd44b2b19b8d,712.99
14,接受爱爱的甜美暴击吧！_1_Just STAY_来自小红书网页版.jpg,C:\Users\xxye01\Downloads\yuai\接受爱爱的甜美暴击吧！_1_Just STAY_来自小红书网页版.jpg,1080,1440,1.555,0.75,326861,90c40fba26aedcf58e1632dfedefe44206263d2381333d09bc8be6aebd39bbd1,3e3331695470b3bd,925.08
15,明媚小猪_1_高贵多金小土狗_来自小红书网页版.jpg,C:\Users\xxye01\Downloads\yuai\明媚小猪_1_高贵多金小土狗_来自小红书网页版.jpg,1080,1440,1.555,0.75,300476,9ef089aa343f67750636ba229832d820d62b61fe6ce286a235e7412c4c62b783,6751714ed6fc9156,722.7
16,是谁的心上小熊，如此可爱_1_✌🍓🐻_来自小红书网页版.jpg,C:\Users\xxye01\Downloads\yuai\是谁的心上小熊，如此可爱_1_✌🍓🐻_来自小红书网页版.jpg,1080,1445,1.561,0.7474,234644,d03ef627cddebda81d78e5f4903ef4dbf59eb8f26c734c5d8a72b8bdd6026999,0f193b3232b0b5c8,340.86
17,渝爱高清图_1_布点_来自小红书网页版.jpg,C:\Users\xxye01\Downloads\yuai\渝爱高清图_1_布点_来自小红书网页版.jpg,1080,1758,1.899,0.6143,511900,bfbc3dc58d15dc3738171547407ea5426f8f42bde96f21a7195d0b60d624ed3b,382c20444b785cd6,1471.85
18,爱爱又甜又可爱_1_粑粑味的爆米花_来自小红书网页版.jpg,C:\Users\xxye01\Downloads\yuai\爱爱又甜又可爱_1_粑粑味的爆米花_来自小红书网页版.jpg,1080,1956,2.112,0.5521,277730,e8f5e0bc311823453f98dc02b03935028c95b3c9ff61a00db59c9b0c6961b85c,b8c10d3179736323,349.46
19,网上收集的一些爱姐_1_爱每一个滚滚_来自小红书网页版.jpg,C:\Users\xxye01\Downloads\yuai\网上收集的一些爱姐_1_爱每一个滚滚_来自小红书网页版.jpg,1079,1509,1.628,0.715,216094,c7f3c2e805ff9297b69de2804df8fadfbbb3b7a354a04d6fc7b0fdf28100e411,2d0652332363a17e,191.07
20,雨后的开朗小猪包_1_山外来个呆萌_来自小红书网页版.jpg,C:\Users\xxye01\Downloads\yuai\雨后的开朗小猪包_1_山外来个呆萌_来自小红书网页版.jpg,1080,1440,1.555,0.75,459687,91f89d8ab235bf301e846aae2ad36ee78a2a40110ade2c818aeb9abc01b4fca1,f00e5a32b9d33371,1186.77
